weighted portfolio variance,weighted portfolio returns
0.020118,0.185804
0.029714,0.201601
0.039594,0.218511
0.033700,0.142668
0.044936,0.230154
0.029102,0.212991
0.030144,0.214074
0.022044,0.195293
0.024231,0.185198
0.035354,0.210879
0.040247,0.222205
0.033162,0.149155
0.021403,0.195840
0.018081,0.190258
0.027781,0.173362
0.039607,0.139224
0.030396,0.181474
0.035568,0.213173
0.021337,0.174162
0.024396,0.217808
0.032995,0.226383
0.027332,0.183510
0.050011,0.231496
0.048845,0.126887
0.049680,0.229640
0.033597,0.147221
0.020111,0.167406
0.024891,0.229033
0.022829,0.198752
0.020524,0.163486
0.030626,0.204441
0.025152,0.215084
0.049002,0.232085
0.043666,0.220170
0.028549,0.184253
0.032324,0.221993
0.039214,0.213201
0.024817,0.149108
0.045055,0.238284
0.022474,0.196730
0.023623,0.180008
0.042070,0.265744
0.030085,0.209944
0.024315,0.189702
0.021484,0.186419
0.028685,0.197463
0.041262,0.220396
0.049209,0.229367
0.015890,0.183808
0.036468,0.223821
0.023468,0.201212
0.021844,0.209864
0.046698,0.225236
0.037682,0.223390
0.019957,0.196186
0.041089,0.220854
0.051337,0.231592
0.041665,0.260996
0.034579,0.216608
0.027394,0.190982
0.024943,0.188692
0.023765,0.212560
0.050526,0.231054
0.028515,0.221225
0.021003,0.193954
0.026012,0.231860
0.038021,0.222848
0.051089,0.231286
0.021021,0.203436
0.043661,0.234570
0.022555,0.195522
0.035984,0.145887
0.026140,0.194527
0.020664,0.202248
0.035067,0.223789
0.025859,0.203081
0.040034,0.228488
0.024272,0.175842
0.028217,0.178491
0.024603,0.215228
0.022760,0.194556
0.027623,0.204108
0.030421,0.206284
0.024597,0.192902
0.034427,0.204575
0.024659,0.196993
0.028085,0.170451
0.038003,0.221030
0.023445,0.163506
0.034906,0.217604
0.050115,0.233553
0.022173,0.207182
0.029939,0.223190
0.025350,0.166542
0.024098,0.205238
0.019881,0.202760
0.029243,0.172424
0.020028,0.158732
0.037600,0.212330
0.046166,0.228237
0.025610,0.150868
0.033341,0.211411
0.019443,0.163026
0.026360,0.190316
0.040873,0.222840
0.049930,0.230032
0.031427,0.204543
0.029704,0.220211
0.031477,0.167296
0.037105,0.208537
0.037141,0.210538
0.034877,0.208217
0.020751,0.187074
0.023512,0.192831
0.033322,0.208726
0.042268,0.220662
0.038817,0.221310
0.023306,0.191032
0.030157,0.220831
0.024119,0.188673
0.022450,0.220789
0.050999,0.231660
0.021832,0.169342
0.021491,0.176844
0.025120,0.188620
0.025407,0.186504
0.022383,0.195766
0.032039,0.206345
0.048245,0.233022
0.020314,0.212466
0.027554,0.211268
0.028322,0.217978
0.045128,0.226655
0.020348,0.176757
0.019062,0.171041
0.040284,0.227759
0.035359,0.203800
0.021367,0.169441
0.019356,0.207440
0.020151,0.194353
0.027390,0.168557
0.042284,0.225885
0.050406,0.231723
0.039650,0.228041
0.025801,0.183256
0.040892,0.135223
0.039049,0.141706
0.027997,0.185277
0.039174,0.224325
0.026376,0.222131
0.039419,0.220921
0.034842,0.219857
0.033075,0.224097
0.030629,0.194782
0.020317,0.181527
0.029980,0.166099
0.047348,0.228162
0.047610,0.226441
0.020982,0.192449
0.024059,0.214081
0.034852,0.221905
0.039263,0.213653
0.049207,0.229382
0.027363,0.218560
0.043202,0.220067
0.023728,0.173327
0.019755,0.199454
0.029686,0.168695
0.038522,0.211593
0.049001,0.230913
0.028786,0.226202
0.048264,0.128769
0.022467,0.161488
0.041147,0.223076
0.027947,0.195808
0.018414,0.173105
0.025224,0.149128
0.029638,0.175917
0.037890,0.221787
0.045511,0.227401
0.015949,0.190861
0.044697,0.222551
0.023190,0.182160
0.042530,0.229554
0.021241,0.190544
0.040893,0.140155
0.028378,0.188773
0.026537,0.182090
0.030635,0.169473
0.026970,0.205073
0.029910,0.226341
0.050870,0.230971
0.021521,0.216799
0.028713,0.166254
0.044305,0.225580
0.035426,0.218544
0.023954,0.226037
0.026275,0.186641
0.020782,0.177667
0.020588,0.174805
0.043543,0.227865
0.032825,0.200119
0.023604,0.181045
0.030563,0.223011
0.017963,0.185026
0.032588,0.209162
0.024528,0.154730
0.030031,0.190990
0.048648,0.229306
0.023782,0.194861
0.042832,0.223717
0.027354,0.214885
0.026893,0.151918
0.043211,0.224861
0.039272,0.219872
0.020801,0.170686
0.028572,0.224416
0.028139,0.204243
0.031453,0.164706
0.032768,0.145624
0.031482,0.165888
0.032722,0.159295
0.021290,0.202860
0.028863,0.197792
0.034324,0.216478
0.030651,0.194231
0.026845,0.193133
0.022658,0.170993
0.051822,0.232390
0.032647,0.198947
0.037895,0.217350
0.036492,0.212417
0.022092,0.195723
0.033321,0.223631
0.042715,0.220989
0.023629,0.152481
0.031241,0.192693
0.031145,0.200800
0.032635,0.159514
0.051502,0.232150
0.023638,0.197500
0.038295,0.239509
0.027722,0.204794
0.026943,0.234162
0.043744,0.225604
0.050690,0.230859
0.022004,0.155099
0.025674,0.191425
0.025633,0.160184
0.023448,0.227852
0.027747,0.205945
0.043526,0.230551
0.043357,0.126890
0.040025,0.140130
0.021871,0.178118
0.048988,0.230367
0.038766,0.216232
0.021865,0.157947
0.026621,0.174623
0.036407,0.209548
0.025178,0.199509
0.024301,0.159729
0.041309,0.224013
0.037691,0.146530
0.031477,0.151146
0.034485,0.148552
0.036525,0.209936
0.027882,0.165704
0.027284,0.152921
0.019882,0.203483
0.023810,0.232398
0.018401,0.173482
0.029433,0.209375
0.028399,0.163134
0.018618,0.172997
0.038693,0.226297
0.035396,0.241649
0.047382,0.230587
0.019833,0.160493
0.033314,0.211138
0.033106,0.145860
0.032624,0.142252
0.025828,0.185482
0.043052,0.220425
0.027803,0.217251
0.029542,0.214284
0.024487,0.191680
0.019086,0.181855
0.050938,0.231557
0.027110,0.233719
0.035434,0.213420
0.023075,0.153580
0.037074,0.213910
0.044442,0.234978
0.039047,0.229196
0.024665,0.215089
0.022456,0.171948
0.046751,0.225815
0.034388,0.223007
0.028718,0.209969
0.019443,0.174630
0.025677,0.204345
0.028338,0.213057
0.030441,0.201640
0.048205,0.231526
0.022554,0.177097
0.026303,0.229106
0.050859,0.231044
0.025419,0.165919
0.031234,0.188938
0.032099,0.250406
0.021213,0.217093
0.028736,0.210695
0.051654,0.232186
0.019751,0.182186
0.025521,0.222259
0.052014,0.232459
0.028746,0.195355
0.031151,0.195835
0.036830,0.224537
0.036471,0.148507
0.042720,0.226368
0.030194,0.209379
0.030880,0.246268
0.030728,0.191978
0.019386,0.195877
0.029374,0.192419
0.029725,0.224383
0.031610,0.211160
0.047817,0.229124
0.047201,0.227136
0.039081,0.222224
0.018797,0.180471
0.030942,0.217561
0.021902,0.193431
0.018152,0.188107
0.020377,0.159788
0.023499,0.194697
0.020873,0.156615
0.040484,0.225121
0.048364,0.228948
0.036925,0.213695
0.031233,0.146517
0.038339,0.214393
0.033822,0.152679
0.035878,0.252395
0.040816,0.218996
0.036816,0.143170
0.037653,0.234544
0.027363,0.142869
0.025483,0.202786
0.027801,0.147460
0.020892,0.155761
0.023450,0.193061
0.050579,0.231044
0.023445,0.170843
0.030720,0.171348
0.021240,0.196788
0.038141,0.222204
0.050529,0.231099
0.035982,0.149870
0.026870,0.215800
0.022025,0.192402
0.020248,0.183409
0.018524,0.187796
0.046380,0.130450
0.022238,0.152437
0.034058,0.211379
0.018330,0.190361
0.019640,0.195136
0.037299,0.210257
0.022543,0.181434
0.026750,0.217378
0.022194,0.197640
0.029328,0.205406
0.020880,0.170176
0.041183,0.221911
0.020654,0.191147
0.016074,0.194921
0.036694,0.221850
0.019402,0.186920
0.039330,0.216802
0.045832,0.223733
0.018836,0.193404
0.021983,0.158564
0.024416,0.195282
0.050975,0.232118
0.033619,0.200443
0.032030,0.201772
0.046920,0.229218
0.030275,0.204422
0.022243,0.186754
0.030482,0.159497
0.032990,0.208761
0.033333,0.153889
0.028953,0.220294
0.029357,0.223926
0.032420,0.232999
0.021843,0.173398
0.023616,0.178887
0.048506,0.232281
0.026142,0.236133
0.051342,0.231738
0.038051,0.268769
0.029029,0.201702
0.027455,0.207229
0.035820,0.220619
0.030671,0.161527
0.039507,0.216359
0.046029,0.235777
0.031101,0.172262
0.025287,0.152354
0.033342,0.215871
0.034178,0.219454
0.027992,0.163292
0.022681,0.204184
0.040540,0.224508
0.032041,0.218218
0.026869,0.188821
0.022912,0.210110
0.033483,0.221469
0.025671,0.181227
0.020995,0.177811
0.036656,0.209475
0.033337,0.199679
0.023435,0.176855
0.024306,0.212254
0.018718,0.181408
0.024613,0.197992
0.034668,0.209400
0.029028,0.186249
0.046119,0.225629
0.030263,0.198143
0.041804,0.228902
0.020258,0.211722
0.020903,0.197889
0.031607,0.205499
0.037367,0.207844
0.032083,0.203247
0.019557,0.184342
0.047435,0.230024
0.036115,0.214483
0.034173,0.212871
0.048828,0.127670
0.028581,0.180109
0.041892,0.224636
0.044555,0.222641
0.025296,0.214064
0.047019,0.227292
0.051046,0.231428
0.044855,0.223039
0.051581,0.231975
0.020185,0.183895
0.022696,0.226609
0.033716,0.152364
0.019871,0.201688
0.049621,0.229687
0.033530,0.223506
0.034225,0.160422
0.037881,0.214585
0.025281,0.172376
0.035098,0.219272
0.037366,0.212379
0.043915,0.224823
0.028853,0.174297
0.033302,0.212950
0.031533,0.157950
0.027143,0.178762
0.044883,0.228788
0.033681,0.202406
0.043751,0.220597
0.017938,0.175302
0.024816,0.198060
0.027947,0.190868
0.022949,0.209940
0.024017,0.218443
0.045846,0.225976
0.026748,0.239371
0.023528,0.196275
0.034656,0.221285
0.021578,0.201367
0.020313,0.191680
0.019066,0.175080
0.025755,0.195091
0.040827,0.226367
0.033726,0.150836
0.036540,0.208259
0.046856,0.227592
0.019897,0.199344
0.039555,0.221984
0.027077,0.220105
0.034418,0.227065
0.034835,0.212050
0.024607,0.191762
0.018516,0.185527
0.030016,0.233890
0.028735,0.181346
0.039530,0.216838
0.033993,0.218669
0.034959,0.142323
0.022022,0.159457
0.027039,0.190171
0.024444,0.219365
0.021033,0.196496
0.021187,0.205321
0.039739,0.220560
0.042398,0.225840
0.047013,0.228835
0.044212,0.222495
0.024952,0.214035
0.032705,0.159896
0.021559,0.190547
0.027495,0.219902
0.039449,0.226932
0.037507,0.217482
0.027431,0.225059
0.023827,0.199629
0.023016,0.208549
0.030468,0.201543
0.019646,0.182699
0.035156,0.220302
0.050173,0.231273
0.027457,0.221754
0.044587,0.225724
0.024179,0.187013
0.033713,0.220186
0.028627,0.220075
0.031214,0.220250
0.035192,0.142543
0.023959,0.165890
0.026490,0.200071
0.022920,0.210162
0.039799,0.129953
0.027634,0.213421
0.047134,0.226716
0.022973,0.176708
0.018094,0.175544
0.029319,0.224255
0.033142,0.154289
0.021544,0.167281
0.029232,0.200365
0.048716,0.229515
0.022072,0.178620
0.026945,0.219527
0.033213,0.157564
0.021272,0.199333
0.026908,0.215490
0.029491,0.163435
0.021812,0.189613
0.042899,0.226493
0.039981,0.213516
0.042098,0.226373
0.029387,0.206987
0.035370,0.150480
0.019415,0.187805
0.031885,0.147394
0.036940,0.219048
0.040708,0.225750
0.052113,0.122154
0.050478,0.231511
0.022183,0.164643
0.049131,0.229478
0.027219,0.199865
0.022233,0.184029
0.033207,0.140485
0.029740,0.184075
0.018399,0.198217
0.029308,0.228495
0.025415,0.188423
0.041827,0.223525
0.039130,0.137193
0.048260,0.229703
0.045999,0.225739
0.020840,0.199300
0.031674,0.195707
0.026990,0.185364
0.025823,0.154855
0.032803,0.213194
0.022598,0.191314
0.031436,0.203587
0.051737,0.123131
0.029274,0.214098
0.026091,0.160543
0.030427,0.200708
0.046996,0.232530
0.020103,0.169471
0.021593,0.171041
0.046846,0.234456
0.018118,0.187150
0.031820,0.214767
0.027099,0.203224
0.020226,0.197108
0.020647,0.199301
0.025980,0.158455
0.021380,0.186065
0.028551,0.175625
0.033452,0.261940
0.019269,0.196026
0.018791,0.174402
0.044853,0.228431
0.047473,0.129780
0.020016,0.193005
0.028958,0.220842
0.032939,0.208303
0.032202,0.231598
0.036963,0.144262
0.026498,0.211639
0.040758,0.225500
0.033591,0.201549
0.031626,0.194414
0.027216,0.153128
0.023283,0.203042
0.024584,0.184873
0.032180,0.207672
0.034475,0.206309
0.033072,0.145240
0.036704,0.209952
0.023886,0.215319
0.020582,0.189734
0.048502,0.229014
0.049582,0.230554
0.026961,0.188994
0.031100,0.166779
0.018166,0.192933
0.029517,0.194373
0.047646,0.227223
0.026849,0.154732
0.030228,0.171007
0.024155,0.210866
0.027845,0.149665
0.025909,0.170699
0.026336,0.186702
0.037962,0.218854
0.051230,0.231841
0.045776,0.225254
0.022511,0.203342
0.026880,0.203515
0.026863,0.225470
0.038598,0.222900
0.027177,0.185269
0.026814,0.215126
0.030838,0.147522
0.031008,0.197609
0.029595,0.156917
0.026307,0.189416
0.027034,0.193165
0.038931,0.141324
0.044120,0.226109
0.043156,0.222903
0.020053,0.162153
0.041289,0.137304
0.022468,0.200061
0.048425,0.228519
0.048828,0.230587
0.024317,0.209735
0.029842,0.206008
0.020148,0.211345
0.027367,0.164764
0.039989,0.222546
0.025280,0.202369
0.028690,0.210634
0.036014,0.211918
0.019768,0.180597
0.034468,0.200195
0.046445,0.228006
0.030081,0.169254
0.024259,0.227434
0.039988,0.135979
0.027141,0.190213
0.043511,0.228188
0.033037,0.225792
0.024934,0.202774
0.030752,0.191182
0.029463,0.156037
0.028612,0.173021
0.018566,0.194628
0.035472,0.146873
0.036526,0.210464
0.021921,0.171375
0.023405,0.186400
0.040602,0.220480
0.039128,0.140992
0.026789,0.170212
0.018596,0.183078
0.022994,0.200463
0.028378,0.173014
0.051271,0.233103
0.033636,0.226042
0.036167,0.207992
0.033650,0.221453
0.029715,0.236043
0.020367,0.171618
0.030940,0.165649
0.020396,0.205347
0.033502,0.225125
0.026870,0.238181
0.025830,0.167258
0.040184,0.218199
0.026314,0.205164
0.048356,0.227460
0.034140,0.202788
0.023552,0.216374
0.019980,0.179449
0.036265,0.214895
0.023488,0.199761
0.035724,0.213674
0.024101,0.208285
0.033669,0.197073
0.051702,0.232266
0.025333,0.175045
0.028521,0.215028
0.035806,0.218328
0.046827,0.229580
0.021747,0.187478
0.017488,0.186394
0.039536,0.217721
0.040751,0.132396
0.019995,0.158554
0.031127,0.191018
0.025318,0.174627
0.020221,0.201360
0.030872,0.164269
0.041794,0.227296
0.048465,0.228790
0.025373,0.217731
0.020372,0.197957
0.023419,0.221039
0.028089,0.152825
0.047419,0.226192
0.042824,0.228376
0.019168,0.189603
0.024308,0.198958
0.025048,0.203857
0.025217,0.173621
0.024619,0.203071
0.020896,0.180718
0.021745,0.215377
0.034879,0.204798
0.028070,0.168448
0.047588,0.229418
0.019003,0.183080
0.020162,0.172808
0.026594,0.204656
0.026481,0.200289
0.039903,0.221393
0.051351,0.231940
0.033820,0.220046
0.040920,0.223596
0.043179,0.222047
0.026437,0.189355
0.030943,0.168323
0.023498,0.207984
0.019711,0.183641
0.030884,0.189226
0.025045,0.165522
0.029878,0.209538
0.042145,0.226560
0.036957,0.138154
0.031089,0.229641
0.048774,0.230227
0.041408,0.135508
0.024904,0.186928
0.028184,0.199608
0.033659,0.209876
0.021989,0.208711
0.019395,0.194318
0.027026,0.197204
0.025909,0.184556
0.022021,0.207754
0.047980,0.229797
0.023748,0.208192
0.023554,0.191485
0.027385,0.209708
0.038944,0.216482
0.033200,0.224212
0.019351,0.199686
0.034890,0.211610
0.026086,0.169593
0.035651,0.235541
0.030496,0.207439
0.030693,0.157878
0.027581,0.207120
0.025331,0.201466
0.031457,0.213416
0.031477,0.171614
0.043149,0.224955
0.026507,0.191857
0.027124,0.176036
0.031436,0.227352
0.037418,0.208774
0.022799,0.195251
0.031663,0.235887
0.018776,0.179556
0.031089,0.189568
0.021743,0.205265
0.023513,0.189127
0.049384,0.231177
0.025739,0.238602
0.038876,0.223260
0.050658,0.231820
0.028673,0.220312
0.042566,0.223490
0.022977,0.214152
0.032859,0.214028
0.050254,0.231803
0.032022,0.191630
0.051799,0.232427
0.033927,0.217931
0.051016,0.231782
0.028206,0.205223
0.031429,0.221672
0.022264,0.177320
0.051547,0.231982
0.023829,0.173387
0.031821,0.188804
0.045488,0.231931
0.026417,0.229490
0.046170,0.224378
0.027701,0.219571
0.017769,0.169690
0.035048,0.212406
0.016537,0.168306
0.027092,0.169674
0.015206,0.180510
0.031475,0.201615
0.046296,0.227464
0.027003,0.229176
0.029705,0.186572
0.031290,0.195144
0.021768,0.208913
0.023299,0.188696
0.021106,0.189915
0.037312,0.220687
0.020342,0.183236
0.026852,0.146569
0.021647,0.193765
0.024640,0.179765
0.043886,0.224577
0.027191,0.227591
0.019903,0.212201
0.025824,0.226283
0.023310,0.170089
0.044538,0.226205
0.030488,0.171002
0.025079,0.191871
0.019566,0.194306
0.030085,0.216072
0.033002,0.195857
0.021191,0.183944
0.031337,0.174111
0.019715,0.171136
0.026942,0.203378
0.025670,0.203472
0.038828,0.225895
0.017633,0.183791
0.035876,0.140825
0.044130,0.232112
0.017989,0.183964
0.025938,0.216188
0.028876,0.201507
0.041132,0.221501
0.042865,0.223507
0.032263,0.161384
0.043575,0.136111
0.049062,0.229157
0.050448,0.231740
0.037751,0.212222
0.026324,0.212951
0.030393,0.217781
0.033639,0.223214
0.023573,0.176429
0.019114,0.176539
0.023661,0.225509
0.030664,0.190426
0.020246,0.168530
0.031116,0.152045
0.035614,0.214418
0.018224,0.180612
0.030251,0.249020
0.030002,0.206796
0.023462,0.204506
0.037374,0.144159
0.021284,0.209199
0.034088,0.228813
0.024380,0.199015
0.040079,0.227979
0.030082,0.184595
0.033289,0.144855
0.024700,0.180274
0.022895,0.173054
0.028667,0.146355
0.040483,0.218636
0.025080,0.200373
0.031617,0.152862
0.031972,0.203912
0.038133,0.232102
0.031043,0.174986
0.030909,0.183105
0.027497,0.192237
0.045179,0.226241
0.036691,0.136132
0.032240,0.196351
0.039020,0.139193
0.036278,0.220115
0.037723,0.224636
0.026067,0.235242
0.030216,0.236093
0.029129,0.140315
0.021651,0.162703
0.025207,0.207541
0.034115,0.149700
0.035380,0.208269
0.017889,0.197991
0.028518,0.172715
0.030267,0.147461
0.021136,0.177276
0.030027,0.138841
0.036074,0.218287
0.038096,0.227714
0.018926,0.183912
0.026831,0.183987
0.044655,0.227095
0.048477,0.229706
0.024515,0.184017
0.024090,0.161080
0.039761,0.221420
0.040622,0.221838
0.032149,0.159065
0.048818,0.230824
0.047469,0.230092
0.035137,0.205956
0.044975,0.227326
0.025585,0.173155
0.043119,0.222251
0.028801,0.221443
0.023715,0.190908
0.021897,0.174211
0.035178,0.219266
0.036647,0.219520
0.033958,0.219438
0.025563,0.169758
0.051138,0.231355
0.030469,0.161042
0.042286,0.229620
0.019119,0.169324
0.024922,0.182807
0.024756,0.210309
0.020491,0.196332
0.036043,0.176534
0.031646,0.207970
0.019581,0.187607
0.051426,0.231986
0.021748,0.192713
0.021902,0.205677
0.043206,0.226186
0.019874,0.192310
0.030579,0.218153
0.042570,0.137204
0.044607,0.225609
0.029173,0.170902
0.018727,0.182610
0.025786,0.179458
0.030890,0.215525
0.020524,0.187748
0.025727,0.190177
0.039724,0.240930
0.018701,0.175413
0.037954,0.138916
0.030374,0.165823
0.016832,0.189703
0.046791,0.228333
0.051581,0.232410
0.035217,0.212687
0.021367,0.191905
0.046042,0.226989
0.020797,0.167822
0.036092,0.149239
0.020111,0.209751
0.051589,0.232075
0.043135,0.228861
0.025221,0.151384
0.024367,0.205429
0.030444,0.235672
0.021815,0.211138
0.033945,0.136793
0.018581,0.182465
0.045910,0.232876
0.024374,0.205520
0.034847,0.145596
0.030561,0.164922
0.017834,0.190437
0.018696,0.190003
0.026762,0.231022
0.048196,0.230057
0.047381,0.230185
0.029550,0.238513
0.026768,0.233463
0.048786,0.230276
0.044805,0.228228
0.029049,0.173538
0.018953,0.199891
0.047033,0.225632
0.046342,0.228228
0.024579,0.145747
0.034446,0.225924
0.020264,0.199900
0.019491,0.204784
0.038281,0.218751
0.045130,0.226975
0.030754,0.146772
0.020165,0.211817
0.021416,0.165333
0.026398,0.212443
0.023555,0.163843
0.020343,0.205591
0.025230,0.214557
0.031696,0.211662
0.029177,0.214692
0.023527,0.168778
0.029820,0.200747
0.020360,0.162331
0.020084,0.209522
0.028020,0.193743
0.045807,0.226422
0.028026,0.217399
0.037608,0.214957
0.029247,0.206299
0.027037,0.175003
0.035864,0.176226
0.018446,0.166495
0.043166,0.223401
0.041336,0.225190
0.023578,0.195170
0.024606,0.197589
0.033422,0.242328
0.025126,0.208461
0.035403,0.218587
0.023958,0.209529
0.022388,0.204530
0.040031,0.219066
0.020006,0.194643
0.020536,0.168182
0.034963,0.215696
0.029928,0.217284
0.038894,0.142189
0.027863,0.217996
0.033950,0.199693
0.027070,0.151359
0.030882,0.206893
0.024798,0.199771
0.019625,0.178535
0.042464,0.128260
0.029883,0.175692
0.018922,0.174467
0.028259,0.192463
0.031250,0.195225
0.027843,0.158844
0.024104,0.211098
0.039317,0.220840
0.030705,0.206120
0.031669,0.197815
0.032270,0.198992
0.030954,0.164837
0.037662,0.224216
0.032761,0.242220
0.033022,0.212206
0.020325,0.167898
0.032372,0.152297
0.024998,0.163891
0.024574,0.188798
0.044926,0.227721
0.019165,0.170525
0.025737,0.195121
0.024644,0.224509
0.024172,0.197578
0.019601,0.187117
0.048473,0.228269
0.020437,0.213436
0.017693,0.195662
0.029203,0.204573
0.047950,0.230324
0.032131,0.196211
0.028251,0.145163
0.051982,0.232436
0.045249,0.224141
0.024398,0.218920
0.022813,0.155169
0.037684,0.222034
0.024328,0.191198
0.050325,0.231030
0.040686,0.230949
0.019681,0.209053
0.031877,0.159853
0.035637,0.142789
0.033507,0.218182
0.029570,0.176648
0.035664,0.152628
0.031259,0.153748
0.033495,0.215274
0.025577,0.146840
0.043930,0.225077
0.018988,0.169520
0.021591,0.173488
0.024960,0.203167
0.037062,0.234858
0.028256,0.191128
0.026389,0.205587
0.023085,0.188714
0.029432,0.250142
0.043827,0.226685
0.025232,0.179426
0.030043,0.171749
0.024990,0.186208
0.047878,0.228173
0.017938,0.175954
0.044811,0.224367
0.019876,0.196515
0.023159,0.186502
0.049602,0.229541
0.026347,0.209218
0.034317,0.215022
0.021943,0.156330
0.020626,0.189540
0.041534,0.225709
0.045669,0.223904
0.024695,0.199439
0.045111,0.230820
0.041618,0.224260
0.032953,0.161474
0.021560,0.172616
0.026666,0.192478
0.040691,0.130472
0.020209,0.198905
0.031996,0.153039
0.032285,0.237017
0.031625,0.169836
0.019132,0.173362
0.030502,0.180785
0.020886,0.159803
0.034252,0.205311
0.029906,0.171443
0.030128,0.167025
0.035754,0.213099
0.018495,0.205105
0.047826,0.227154
0.040503,0.224764
0.018186,0.178288
0.047684,0.127676
0.027606,0.236044
0.031585,0.189039
0.031841,0.204370
0.022913,0.195604
0.049436,0.230052
0.031780,0.166741
0.028723,0.171157
0.033097,0.166096
0.043252,0.222734
0.032247,0.210969
0.020285,0.187604
0.035974,0.142131
0.020788,0.210311
0.031401,0.158984
0.023635,0.225110
0.028611,0.192987
0.020351,0.176977
0.023666,0.228482
0.021026,0.216695
0.037554,0.139199
0.019026,0.189196
0.025612,0.171241
0.019782,0.183797
0.027595,0.242262
0.023635,0.188567
0.020852,0.214709
0.020265,0.166841
0.026578,0.197703
0.039923,0.140211
0.044170,0.228435
0.046594,0.228008
0.050965,0.231515
0.024833,0.217339
0.025387,0.157737
0.024918,0.180843
0.044198,0.225183
0.023295,0.173396
0.030161,0.234647
0.042431,0.227625
0.029855,0.222445
0.030757,0.200868
0.030483,0.196998
0.019927,0.172418
0.031640,0.186230
0.028798,0.222770
0.023220,0.168078
0.024744,0.185574
0.019740,0.158520
0.034985,0.216952
0.030454,0.225119
0.040065,0.215020
0.037624,0.229783
0.029878,0.187582
0.027363,0.148257
0.031254,0.219917
0.024073,0.151349
0.027144,0.216137
0.022693,0.183736
0.048409,0.228615
0.020482,0.194449
0.020621,0.186305
0.030967,0.213021
0.044531,0.225525
0.023169,0.227137
0.019235,0.189936
0.025248,0.182263
0.027028,0.154867
0.035345,0.203457
0.035284,0.205214
0.029008,0.193290
0.021571,0.212509
0.051811,0.232347
0.020433,0.159534
0.042422,0.222058
0.029770,0.211098
0.034165,0.214816
0.041340,0.222444
0.039304,0.221515
0.035388,0.214138
0.032543,0.191957
0.047554,0.228389
0.022147,0.212162
0.032030,0.153197
0.024198,0.202151
0.029322,0.203655
0.044888,0.133932
0.021931,0.187230
0.021357,0.208782
0.033091,0.199418
0.019169,0.201285
0.028886,0.195333
0.025913,0.207760
0.026446,0.204179
0.027918,0.179089
0.033626,0.230139
0.021844,0.160090
0.027732,0.182268
0.031907,0.213492
0.039278,0.212961
0.029871,0.203270
0.029930,0.226706
0.030010,0.202460
0.030987,0.214527
0.046805,0.229069
0.033498,0.215179
0.029740,0.190082
0.045245,0.229260
0.020392,0.208125
0.045690,0.224651
0.037621,0.230781
0.022765,0.165715
0.033447,0.208319
0.031311,0.199370
0.021692,0.189699
0.020443,0.176745
0.021615,0.179789
0.044451,0.223603
0.030285,0.202580
0.020518,0.194186
0.021569,0.212848
0.020723,0.196903
0.023734,0.198252
0.031219,0.214536
0.037068,0.222764
0.027214,0.186936
0.042731,0.224946
0.027365,0.170859
0.030587,0.234079
0.021942,0.208026
0.023137,0.170289
0.019278,0.189533
0.021290,0.165934
0.030233,0.218516
0.045214,0.225316
0.047594,0.228249
0.024213,0.167727
0.018536,0.192844
0.044407,0.224362
0.036655,0.205983
0.021299,0.191006
0.028755,0.208928
0.022619,0.181852
0.048089,0.229146
0.049917,0.230023
0.019837,0.167890
0.034482,0.200389
0.029561,0.217787
0.035324,0.137895
0.051114,0.231621
0.024678,0.195479
0.049424,0.230037
0.030771,0.168290
0.041038,0.134340
0.028569,0.196418
0.018249,0.188392
0.039624,0.228757
0.035521,0.216654
0.032573,0.195460
0.033172,0.155363
0.028236,0.160252
0.028035,0.198152
0.026025,0.195477
0.023700,0.161285
0.051670,0.232146
0.028276,0.219562
0.023261,0.208540
0.028930,0.217010
0.026810,0.196675
0.041315,0.220532
0.047049,0.229538
0.050074,0.230960
0.021383,0.182345
0.039541,0.218561
0.034687,0.205873
0.024010,0.188324
0.037519,0.220341
0.025811,0.228049
0.037667,0.219071
0.033809,0.212448
0.034165,0.208801
0.030537,0.217762
0.022793,0.211164
0.032940,0.218078
0.040169,0.223210
0.038666,0.222739
0.030379,0.192377
0.039141,0.222538
0.028130,0.214630
0.017947,0.187950
0.034463,0.202939
0.045144,0.228602
0.029134,0.202229
0.021408,0.181784
0.020882,0.166417
0.020626,0.175074
0.022023,0.186003
0.033428,0.207213
0.046635,0.226213
0.038728,0.258318
0.035803,0.225606
0.021460,0.181605
0.031146,0.219531
0.026134,0.218216
0.025529,0.178376
0.034754,0.137192
0.035930,0.206350
0.026989,0.209417
0.028030,0.189789
0.030345,0.212280
0.028199,0.216148
0.050137,0.230907
0.035578,0.260404
0.049194,0.230540
0.025029,0.194789
0.023012,0.201274
0.039215,0.224421
0.020314,0.181450
0.030263,0.192898
0.017489,0.173752
0.045641,0.227652
0.041125,0.220575
0.026193,0.189290
0.021710,0.193758
0.027243,0.225461
0.027226,0.169134
0.044197,0.226215
0.032498,0.247145
0.036034,0.213635
0.017497,0.190073
0.032255,0.200236
0.019646,0.193005
0.037355,0.218463
0.031933,0.215657
0.041289,0.228772
0.044441,0.222593
0.038785,0.212586
0.018128,0.188921
0.038630,0.221698
0.038163,0.218894
0.026856,0.222273
0.019827,0.204397
0.034353,0.219788
0.043583,0.221045
0.026419,0.183513
0.019086,0.193266
0.029842,0.193952
0.038993,0.218957
0.048054,0.227743
0.025925,0.145502
0.030553,0.243256
0.017637,0.199865
0.043809,0.223213
0.044047,0.228115
0.031562,0.190267
0.048271,0.231702
0.022594,0.185839
0.029849,0.171180
0.021671,0.206045
0.029414,0.192841
0.031536,0.214527
0.018115,0.178193
0.024120,0.210796
0.022222,0.178112
0.044352,0.224493
0.047608,0.230248
0.031163,0.219298
0.032029,0.150441
0.021794,0.162281
0.028449,0.230067
0.026327,0.171668
0.020602,0.170655
0.038138,0.138358
0.027643,0.210970
0.033025,0.237124
0.029674,0.169305
0.018150,0.182513
0.049937,0.231244
0.030199,0.165217
0.029620,0.218839
0.019629,0.181318
0.027670,0.178228
0.031450,0.210686
0.033392,0.207856
0.039897,0.222361
0.034119,0.209409
0.021969,0.187798
0.026296,0.187440
0.028082,0.209849
0.020985,0.180001
0.019247,0.206986
0.031714,0.227781
0.027065,0.171933
0.024109,0.205297
0.038428,0.220373
0.042144,0.221147
0.030059,0.224597
0.026978,0.185176
0.045876,0.226903
0.040729,0.218664
0.037271,0.229390
0.037594,0.224010
0.022043,0.206099
0.022555,0.220654
0.031468,0.211842
0.047744,0.230236
0.018799,0.182716
0.022564,0.201161
0.024388,0.181574
0.031856,0.196504
0.031120,0.172262
0.026268,0.190064
0.027342,0.205949
0.048176,0.228702
0.048918,0.228533
0.031785,0.214518
0.040265,0.220955
0.034069,0.215168
0.027402,0.167590
0.026742,0.225698
0.022065,0.199660
0.027240,0.182956
0.033774,0.221900
0.027097,0.173077
0.025993,0.212912
0.039185,0.138957
0.026794,0.214941
0.046356,0.224768
0.040645,0.220245
0.023444,0.216870
0.020584,0.188319
0.040436,0.141895
0.020651,0.216199
0.046629,0.232079
0.025853,0.235880
0.047194,0.226369
0.038998,0.221061
0.037948,0.147968
0.020557,0.183660
0.021356,0.182423
0.026193,0.173823
0.030067,0.225248
0.023045,0.180314
0.041084,0.216219
0.025762,0.167582
0.025843,0.203968
0.034467,0.155569
0.029078,0.178767
0.026003,0.205649
0.039204,0.222312
0.030844,0.223670
0.022474,0.196087
0.019900,0.166887
0.049527,0.126564
0.030080,0.156665
0.028889,0.147645
0.018912,0.189022
0.034794,0.209247
0.035306,0.202512
0.040678,0.217054
0.022069,0.161229
0.031694,0.205484
0.046825,0.229204
0.017572,0.192103
0.049282,0.229681
0.039896,0.221277
0.031499,0.167426
0.023020,0.167512
0.028354,0.214338
0.030174,0.184907
0.038324,0.226727
0.039823,0.214130
0.037868,0.223757
0.023590,0.177946
0.019454,0.178597
0.051112,0.231423
0.040787,0.219640
0.037390,0.145807
0.024131,0.175038
0.024868,0.184068
0.024379,0.186778
0.037267,0.210905
0.034801,0.241574
0.048721,0.229789
0.028474,0.174300
0.040465,0.221969
0.040247,0.140390
0.032252,0.191128
0.026037,0.186925
0.027662,0.217495
0.028633,0.207560
0.046282,0.229731
0.025086,0.187042
0.026247,0.185285
0.020485,0.167480
0.021187,0.181351
0.019481,0.184990
0.028174,0.188349
0.031823,0.228693
0.025865,0.195332
0.041801,0.230804
0.038580,0.211905
0.031147,0.194083
0.032285,0.207835
0.032714,0.214768
0.029360,0.166991
0.021235,0.164872
0.032023,0.156328
0.031986,0.253447
0.049194,0.228737
0.031174,0.212512
0.019539,0.202874
0.032695,0.229988
0.025968,0.212083
0.029708,0.160145
0.027251,0.175450
0.021086,0.190329
0.017529,0.176241
0.018899,0.205584
0.022629,0.155602
0.023436,0.196616
0.023423,0.184138
0.022031,0.199766
0.034099,0.212249
0.051133,0.231315
0.035797,0.147872
0.027727,0.189595
0.019587,0.194956
0.034978,0.156336
0.020831,0.166070
0.030640,0.170444
0.035321,0.218749
0.022409,0.172950
0.051572,0.232603
0.029511,0.196348
0.029886,0.208102
0.020682,0.173443
0.029050,0.166812
0.028670,0.220904
0.045694,0.223600
0.038951,0.217931
0.042726,0.223592
0.044805,0.226528
0.029128,0.182892
0.019817,0.196194
0.019261,0.208956
0.018249,0.191678
0.021809,0.207194
0.024387,0.152188
0.018637,0.167391
0.036705,0.216746
0.029184,0.148775
0.037387,0.219516
0.031701,0.160216
0.025291,0.207154
0.023760,0.174632
0.029420,0.207811
0.036896,0.222409
0.017870,0.186975
0.018458,0.186697
0.046437,0.228370
0.036450,0.149831
0.042159,0.227353
0.024997,0.146988
0.051530,0.232015
0.026281,0.212461
0.034195,0.212930
0.034440,0.210414
0.035087,0.154421
0.048557,0.230916
0.029794,0.139062
0.021980,0.188319
0.034510,0.223437
0.026591,0.188349
0.021045,0.198526
0.036289,0.153008
0.020934,0.182189
0.020039,0.180845
0.023092,0.219787
0.028299,0.196026
0.037695,0.216437
0.032215,0.152440
0.033410,0.211284
0.019568,0.179356
0.025427,0.223515
0.024329,0.185814
0.049793,0.230837
0.019775,0.207088
0.031099,0.221741
0.035622,0.204487
0.042696,0.224539
0.025144,0.175219
0.019761,0.179541
0.025780,0.190947
0.034833,0.205582
0.045196,0.228236
0.022571,0.196264
0.017969,0.183131
0.020304,0.192932
0.017300,0.185638
0.048760,0.228670
0.040569,0.226481
0.033065,0.158927
0.038524,0.215173
0.022462,0.181711
0.029929,0.159949
0.045671,0.224508
0.027074,0.154501
0.022539,0.187798
0.029140,0.211491
0.037141,0.221826
0.034433,0.233313
0.026166,0.194799
0.028644,0.158283
0.020085,0.173909
0.037091,0.218620
0.026741,0.198409
0.043952,0.224717
0.037362,0.213914
0.047918,0.227341
0.027885,0.227267
0.023036,0.198633
0.039650,0.224584
0.028392,0.232068
0.021940,0.197501
0.017693,0.190540
0.032945,0.204964
0.033473,0.211696
0.027776,0.215158
0.036677,0.213468
0.017913,0.193668
0.039773,0.220866
0.039990,0.224647
0.021414,0.189907
0.023445,0.222856
0.020563,0.211439
0.019585,0.200042
0.028866,0.168307
0.023151,0.210389
0.040161,0.221278
0.051695,0.123365
0.024043,0.208478
0.025615,0.163221
0.050691,0.230831
0.019635,0.194443
0.027332,0.160423
0.021342,0.178949
0.035939,0.214355
0.032694,0.198723
0.028508,0.180881
0.045130,0.223764
0.034277,0.212359
0.035493,0.207650
0.019038,0.184216
0.041356,0.222087
0.033358,0.227416
0.036133,0.144774
0.034209,0.236731
0.031683,0.210146
0.034975,0.204104
0.026748,0.152168
0.030817,0.195361
0.047098,0.229691
0.025396,0.206540
0.038009,0.233220
0.033490,0.155822
0.022462,0.177117
0.034629,0.154263
0.040347,0.128374
0.040730,0.215486
0.026764,0.213288
0.022350,0.187642
0.017379,0.185014
0.038514,0.237209
0.027935,0.181890
0.018823,0.175864
0.025393,0.219180
0.033249,0.157841
0.049316,0.231114
0.039118,0.133152
0.025571,0.151169
0.031453,0.184048
0.029932,0.192996
0.023634,0.212777
0.029416,0.199553
0.020638,0.197844
0.028779,0.194422
0.028821,0.167795
0.030946,0.192431
0.029334,0.167544
0.037403,0.222934
0.032834,0.150697
0.035006,0.201339
0.023457,0.203385
0.050992,0.231355
0.024543,0.174124
0.046238,0.230193
0.048939,0.229260
0.032789,0.213187
0.035820,0.218599
0.027290,0.164181
0.026625,0.202811
0.033859,0.198994
0.033738,0.224821
0.049372,0.229204
0.030515,0.219179
0.031759,0.223228
0.038199,0.223977
0.027939,0.225496
0.029293,0.158900
0.021900,0.184820
0.019454,0.169782
0.028975,0.205102
0.040102,0.136084
0.022595,0.162710
0.028386,0.155082
0.027114,0.154788
0.020445,0.166254
0.018873,0.188190
0.039873,0.219620
0.020378,0.164676
0.028817,0.140840
0.033186,0.202986
0.045652,0.225896
0.024581,0.222016
0.031191,0.205045
0.040942,0.215837
0.018173,0.181904
0.020240,0.209493
0.040589,0.224110
0.026489,0.229725
0.035610,0.145364
0.023080,0.210875
0.037569,0.217895
0.036082,0.216538
0.022595,0.229992
0.021140,0.183397
0.024865,0.216735
0.037138,0.245484
0.030345,0.199754
0.021067,0.186033
0.051566,0.231884
0.033593,0.202359
0.033417,0.217961
0.021070,0.186855
0.048182,0.228251
0.018819,0.175841
0.020908,0.171480
0.022647,0.197487
0.020375,0.205928
0.020371,0.171457
0.020245,0.185700
0.027763,0.218399
0.028265,0.217805
0.037598,0.209140
0.024406,0.224157
0.052023,0.232479
0.026437,0.163013
0.026201,0.152889
0.029594,0.245697
0.023227,0.212103
0.029258,0.234327
0.017280,0.186442
0.029501,0.237092
0.043200,0.130896
0.020021,0.188831
0.022380,0.168486
0.020810,0.191374
0.039067,0.225955
0.019640,0.200539
0.037542,0.234936
0.030405,0.201640
0.025158,0.211954
0.026823,0.187200
0.041169,0.140833
0.027436,0.214299
0.040080,0.215229
0.045231,0.225358
0.039380,0.218789
0.045309,0.130785
0.031852,0.237654
0.025871,0.186178
0.026168,0.185174
0.033954,0.147924
0.021755,0.191042
0.027870,0.208088
0.017531,0.172230
0.031025,0.187441
0.020695,0.188689
0.044058,0.227480
0.051329,0.231840
0.028511,0.146015
0.033825,0.199248
0.030428,0.189967
0.019340,0.205530
0.036897,0.214776
0.024569,0.198730
0.018613,0.182275
0.025647,0.193634
0.025833,0.187681
0.025395,0.176068
0.026658,0.163689
0.030085,0.200317
0.022695,0.171976
0.026097,0.194548
0.045882,0.226818
0.026748,0.206172
0.046957,0.225677
0.050693,0.231365
0.022498,0.210543
0.022278,0.187632
0.034340,0.217513
0.022340,0.187516
0.020052,0.197050
0.024855,0.200722
0.021452,0.211441
0.028717,0.194579
0.025347,0.208247
0.037351,0.148440
0.021577,0.170075
0.032792,0.208201
0.045849,0.225028
0.022933,0.151829
0.040895,0.139530
0.050347,0.231431
0.025418,0.166278
0.025330,0.219376
0.018476,0.199067
0.020477,0.190743
0.030282,0.183317
0.019322,0.174371
0.030205,0.190930
0.035023,0.224345
0.028233,0.208198
0.019586,0.187880
0.036267,0.154331
0.027367,0.205059
0.040899,0.138603
0.018772,0.182773
0.027131,0.165718
0.046749,0.227269
0.019410,0.192988
0.019996,0.184570
0.033217,0.248902
0.022651,0.178305
0.019821,0.170509
0.030799,0.213497
0.033217,0.143558
0.028784,0.160871
0.032723,0.164018
0.046128,0.226434
0.020080,0.193979
0.023322,0.177796
0.050093,0.230450
0.027624,0.223760
0.028883,0.215277
0.037454,0.211621
0.024258,0.182375
0.028564,0.197967
0.033179,0.199025
0.027184,0.161609
0.039279,0.224891
0.019962,0.194137
0.025270,0.211025
0.025232,0.221087
0.023376,0.187685
0.027351,0.197464
0.036029,0.205402
0.025336,0.174594
0.044299,0.230362
0.038001,0.228884
0.025330,0.168456
0.026429,0.168147
0.051266,0.231914
0.029499,0.167116
0.036186,0.151067
0.025266,0.202156
0.023570,0.187820
0.032220,0.153654
0.024441,0.192584
0.035509,0.226756
0.022563,0.201813
0.026026,0.172668
0.017389,0.178405
0.018326,0.207652
0.021138,0.167970
0.024520,0.194952
0.026298,0.221923
0.027815,0.197735
0.045243,0.226106
0.021171,0.193600
0.034903,0.231193
0.021820,0.199133
0.034352,0.155630
0.031755,0.209758
0.030205,0.155151
0.046170,0.229275
0.019196,0.173590
0.025147,0.173927
0.040773,0.224959
0.029292,0.179597
0.023198,0.225999
0.027461,0.207870
0.023786,0.198536
0.026552,0.211434
0.024065,0.204319
0.023852,0.182786
0.038662,0.217761
0.049257,0.229821
0.047065,0.225734
0.025175,0.193753
0.027874,0.204370
0.040228,0.225666
0.036528,0.229946
0.032649,0.157504
0.030435,0.145359
0.025279,0.180657
0.019902,0.197795
0.028173,0.235060
0.020563,0.197935
0.048482,0.232659
0.024904,0.223692
0.016251,0.185766
0.030072,0.205406
0.050990,0.231252
0.020480,0.198918
0.019505,0.175462
0.049824,0.229731
0.048704,0.228387
0.031426,0.183888
0.039874,0.136678
0.033306,0.198085
0.050743,0.231447
0.026852,0.206280
0.021256,0.208461
0.019995,0.192656
0.047642,0.228999
0.048164,0.233836
0.025585,0.158039
0.018164,0.191393
0.033800,0.212147
0.021450,0.158221
0.027648,0.145063
0.026540,0.188834
0.020373,0.199636
0.029019,0.174588
0.030915,0.146634
0.046085,0.225308
0.028506,0.208454
0.018896,0.197960
0.028540,0.220854
0.020372,0.179162
0.025198,0.183689
0.024260,0.150885
0.021256,0.177376
0.042195,0.222462
0.032614,0.246210
0.027440,0.167395
0.029331,0.147766
0.019724,0.193346
0.037188,0.208404
0.048780,0.228128
0.032146,0.219950
0.016859,0.187350
0.023470,0.195479
0.044122,0.230003
0.026636,0.232177
0.041459,0.227587
0.022867,0.171795
0.017950,0.190236
0.031007,0.213662
0.029139,0.205452
0.047822,0.228253
0.041774,0.233950
0.020219,0.181954
0.024881,0.194055
0.019866,0.170811
0.018937,0.172280
0.033127,0.151606
0.035520,0.212544
0.022161,0.188160
0.032011,0.200095
0.021039,0.158673
0.025014,0.212901
0.032314,0.230856
0.037394,0.218930
0.043918,0.226573
0.042544,0.239059
0.018502,0.190749
0.036026,0.218008
0.026299,0.215806
0.030756,0.216567
0.028926,0.212590
0.031058,0.206506
0.030721,0.196039
0.034910,0.212486
0.032234,0.164713
0.023872,0.184461
0.020451,0.202183
0.023753,0.163611
0.032869,0.160439
0.036941,0.135074
0.028062,0.183453
0.022144,0.220551
0.022436,0.154033
0.028698,0.194197
0.019453,0.169290
0.024609,0.220698
0.025531,0.197258
0.032828,0.172403
0.025916,0.149840
0.032550,0.216436
0.028451,0.157429
0.026383,0.215941
0.020009,0.170902
0.019117,0.168741
0.025165,0.203927
0.037849,0.219614
0.015983,0.185641
0.033143,0.200418
0.025350,0.173652
0.043261,0.133188
0.034152,0.222905
0.022223,0.195936
0.026875,0.185116
0.026903,0.175657
0.024289,0.160386
0.019915,0.196952
0.025698,0.214597
0.021876,0.220524
0.018209,0.202299
0.030635,0.191634
0.044069,0.232073
0.046240,0.228340
0.022468,0.160583
0.047838,0.226976
0.047608,0.226435
0.022568,0.148606
0.023196,0.206160
0.050284,0.231461
0.046921,0.229147
0.021861,0.166339
0.035141,0.208521
0.034211,0.151108
0.050580,0.231062
0.020537,0.201898
0.031085,0.209406
0.020189,0.207094
0.020579,0.168481
0.018619,0.181328
0.033406,0.153984
0.025487,0.162037
0.036192,0.209940
0.033582,0.207318
0.029143,0.186466
0.023152,0.205729
0.034951,0.202011
0.029515,0.217300
0.044581,0.137588
0.032485,0.225420
0.039415,0.224708
0.044897,0.229512
0.032507,0.203408
0.040744,0.222095
0.016708,0.177682
0.041071,0.227387
0.021709,0.161854
0.044570,0.227102
0.038220,0.230703
0.022586,0.215917
0.020544,0.172506
0.037860,0.231895
0.030522,0.196097
0.022378,0.186741
0.033379,0.198376
0.033247,0.150377
0.021603,0.170477
0.041809,0.138179
0.025667,0.170037
0.027615,0.161894
0.028473,0.218741
0.036485,0.213804
0.023432,0.208613
0.026013,0.152596
0.029489,0.212656
0.021934,0.180264
0.024462,0.168358
0.023032,0.190616
0.046994,0.226381
0.043789,0.224090
0.028760,0.167557
0.022559,0.187048
0.042972,0.229892
0.021311,0.171120
0.038037,0.227041
0.032983,0.208765
0.026353,0.207244
0.031734,0.209365
0.035189,0.205062
0.029541,0.215182
0.023202,0.216043
0.028376,0.176773
0.049954,0.229972
0.028465,0.197740
0.021439,0.183803
0.041973,0.221368
0.049151,0.229114
0.037487,0.222236
0.051919,0.232370
0.028109,0.234300
0.019202,0.177051
0.019036,0.174721
0.034492,0.209483
0.035143,0.224264
0.023539,0.154890
0.033650,0.170191
0.025317,0.222142
0.046652,0.228219
0.047093,0.226484
0.029962,0.229012
0.032901,0.210724
0.029506,0.164816
0.030015,0.175004
0.040227,0.150408
0.019739,0.190264
0.035520,0.215516
0.029324,0.200542
0.030713,0.165003
0.039947,0.218029
0.018486,0.195007
0.029402,0.190035
0.032994,0.150138
0.020311,0.141326
0.026517,0.237874
0.050218,0.230249
0.034050,0.203519
0.018457,0.202133
0.029915,0.185788
0.024607,0.206636
0.050233,0.230786
0.026438,0.192614
0.028749,0.206751
0.033958,0.212785
0.043004,0.222694
0.052023,0.232471
0.034445,0.211906
0.019465,0.174688
0.041450,0.218353
0.020217,0.181325
0.020381,0.202104
0.026633,0.174364
0.042324,0.218681
0.017076,0.182533
0.027331,0.187425
0.025435,0.220926
0.018638,0.180970
0.021108,0.198916
0.026226,0.154688
0.023299,0.163211
0.045952,0.228797
0.038115,0.220986
0.046594,0.225435
0.023879,0.146755
0.045262,0.225773
0.033615,0.199673
0.050765,0.231027
0.034068,0.213098
0.029336,0.187730
0.023419,0.196467
0.017105,0.192821
0.023901,0.159069
0.030124,0.157102
0.033283,0.153666
0.032095,0.158909
0.043869,0.228594
0.031880,0.167319
0.034181,0.219679
0.026593,0.169833
0.047336,0.228747
0.041427,0.221320
0.028036,0.183527
0.023765,0.212843
0.032822,0.149914
0.027653,0.183383
0.041889,0.219837
0.043074,0.225360
0.024232,0.193998
0.032031,0.153108
0.048844,0.229543
0.023008,0.208585
0.030437,0.166497
0.051742,0.232159
0.043888,0.223485
0.029000,0.227831
0.048627,0.229203
0.019386,0.164756
0.015843,0.160693
0.033417,0.228223
0.039246,0.227973
0.032451,0.146442
0.026580,0.181681
0.039115,0.215735
0.029591,0.202930
0.025512,0.224058
0.037263,0.148513
0.024220,0.221361
0.029365,0.146056
0.024041,0.194852
0.017968,0.177156
0.035095,0.203577
0.031232,0.157768
0.038926,0.141842
0.019765,0.198338
0.031919,0.228707
0.048046,0.227116
0.020823,0.158832
0.028806,0.212747
0.019233,0.166229
0.025075,0.232439
0.028743,0.193755
0.020769,0.164799
0.017874,0.175440
0.045028,0.229882
0.029370,0.178222
0.021520,0.205980
0.021868,0.156422
0.028189,0.216895
0.035569,0.206239
0.025946,0.174339
0.033275,0.222562
0.036950,0.146421
0.022737,0.180766
0.029136,0.195849
0.023775,0.185764
0.044903,0.226945
0.020275,0.210172
0.027804,0.180583
0.022943,0.198202
0.024214,0.220322
0.020972,0.177569
0.020694,0.205537
0.021236,0.198686
0.035999,0.228044
0.037468,0.221250
0.021735,0.211355
0.033151,0.196671
0.019894,0.204439
0.024082,0.183136
0.037908,0.228554
0.049030,0.126695
0.039305,0.215243
0.024593,0.203530
0.032472,0.208859
0.030284,0.163312
0.030512,0.205600
0.033390,0.155331
0.024290,0.214421
0.020813,0.209062
0.033942,0.218023
0.042884,0.226659
0.021133,0.173368
0.029223,0.221789
0.017604,0.172606
0.026660,0.177191
0.022779,0.212054
0.025693,0.185581
0.022874,0.181922
0.032648,0.212922
0.021997,0.200333
0.031319,0.213118
0.034963,0.212922
0.047430,0.228328
0.025806,0.197838
0.033254,0.154948
0.022431,0.199835
0.035698,0.218819
0.046097,0.229886
0.031132,0.179729
0.034320,0.199738
0.051723,0.232136
0.033779,0.199437
0.019426,0.193153
0.035572,0.207765
0.043145,0.226952
0.024278,0.155161
0.050719,0.231197
0.042084,0.135329
0.024779,0.215117
0.051623,0.231996
0.027656,0.238246
0.026689,0.170258
0.028137,0.206465
0.025297,0.190557
0.031210,0.219046
0.022970,0.214998
0.047192,0.226578
0.042697,0.228969
0.018848,0.182106
0.047119,0.228034
0.031663,0.198731
0.030377,0.238272
0.031185,0.217985
0.025695,0.204948
0.024364,0.195148
0.030141,0.183300
0.027560,0.167001
0.045504,0.226704
0.026328,0.213160
0.027389,0.198895
0.031256,0.172183
0.041143,0.219019
0.036938,0.207258
0.031353,0.187736
0.048097,0.231113
0.027685,0.210312
0.027491,0.178077
0.021419,0.204355
0.049464,0.229428
0.023577,0.162107
0.051589,0.232301
0.050266,0.231368
0.033680,0.158850
0.028165,0.184903
0.032739,0.203576
0.029667,0.248032
0.032458,0.208614
0.034196,0.199322
0.022540,0.190014
0.026500,0.214244
0.036724,0.211536
0.049067,0.230737
0.045158,0.227730
0.026341,0.181150
0.022828,0.208041
0.031657,0.210978
0.039052,0.214319
0.019374,0.169284
0.019205,0.167540
0.022053,0.196721
0.045363,0.223435
0.019283,0.182880
0.033126,0.208649
0.028209,0.205563
0.036403,0.149881
0.023704,0.171509
0.031281,0.192411
0.018065,0.176618
0.025271,0.195768
0.022528,0.215335
0.029093,0.170872
0.024600,0.206402
0.030499,0.210602
0.017975,0.184891
0.025548,0.201090
0.026601,0.212286
0.045409,0.223145
0.028506,0.220646
0.030257,0.182492
0.031027,0.162853
0.030073,0.175076
0.019785,0.184276
0.029448,0.173314
0.022458,0.155886
0.038739,0.215403
0.030805,0.148674
0.024392,0.218632
0.032039,0.153651
0.030499,0.172829
0.044461,0.224474
0.029122,0.184196
0.039688,0.218316
0.028263,0.226696
0.033800,0.151597
0.027545,0.196154
0.042562,0.230898
0.029131,0.167211
0.037161,0.217462
0.025506,0.209737
0.032273,0.198770
0.025457,0.191946
0.030240,0.211630
0.034355,0.209955
0.031461,0.218132
0.030399,0.173054
0.034203,0.215443
0.025860,0.185616
0.027637,0.212936
0.050350,0.232532
0.025790,0.177663
0.044106,0.226930
0.033653,0.238066
0.027147,0.207305
0.022060,0.210131
0.037400,0.222683
0.027511,0.173640
0.024461,0.194167
0.018080,0.200223
0.036698,0.214713
0.034458,0.224508
0.026157,0.237812
0.024581,0.184018
0.032924,0.213964
0.033766,0.206577
0.020932,0.204944
0.020185,0.185401
0.024816,0.227419
0.022826,0.210405
0.029325,0.187332
0.019694,0.168928
0.050947,0.232003
0.022523,0.161282
0.032987,0.162283
0.020442,0.173303
0.024233,0.217365
0.021558,0.197161
0.021554,0.156465
0.043153,0.136603
0.026551,0.184188
0.046065,0.224736
0.030312,0.204572
0.030520,0.189315
0.031729,0.208034
0.023461,0.208113
0.032828,0.228897
0.026345,0.181432
0.022890,0.197246
0.024779,0.197327
0.020811,0.211347
0.045741,0.224214
0.033325,0.161058
0.029371,0.218361
0.042630,0.223740
0.021188,0.172517
0.030301,0.193751
0.022469,0.194875
0.022917,0.195698
0.033724,0.215979
0.027580,0.178206
0.031789,0.189238
0.029327,0.163138
0.023786,0.222409
0.041823,0.220549
0.025337,0.187953
0.016540,0.171557
0.025402,0.219501
0.049870,0.232555
0.024734,0.181263
0.022476,0.171898
0.030388,0.143705
0.019060,0.184967
0.028755,0.171340
0.025541,0.192406
0.019092,0.193306
